,,Name,Username,Tweet ID (click to view url),Retweets,Comments,Favorites,Is Retweet?,Date,Tweet Text,text,Status URL,
1,,ONTHEBLOK_io,ONTHEBLOK_io,https://www.twitter.com/ONTHEBLOK_io,1774836423985619404,0,0,0,,2024/4/1 16:29,@taylorswift13 https://t.co/PDbKS8jByn,Twitter for iPhone,https://www.twitter.com/ONTHEBLOK_io/status/1774836423985619404
2,,godiana ??,ThnkingBoutAri,https://www.twitter.com/ThnkingBoutAri,1775115110786224270,0,0,0,,2024/4/2 10:56,@mtimez27 @belloworldD @taylorswift13 Why would she put money over her fans when she’s already a billionaire???,Twitter for iPhone,https://www.twitter.com/ThnkingBoutAri/status/1775115110786224270
3,,GEM,GEMfinity20,https://www.twitter.com/GEMfinity20,1775124536028971424,0,0,0,,2024/4/2 11:34,@PelirojaMama @TheGr8Illusion @taylorswift13 it's all forgiven because he "apologized for most of it". Though yk if Trump apologized for anything you'd just hear nothing but how much of a big liar he is. never mind that all politicians are expert liars. all is forgiven when it's a Democrat.,Twitter for iPad,https://www.twitter.com/GEMfinity20/status/1775124536028971424
4,,GEM,GEMfinity20,https://www.twitter.com/GEMfinity20,1775125335949930694,0,1,1,,2024/4/2 11:37,"@B15Daddy @PelirojaMama @TheGr8Illusion @taylorswift13 biden could abuse 40 women and deny it, and the left would still vote for him because he isn't Trump. Bill Clinton is a huge example of how the same elites who talk about what a rapist Trump is dont give a damn about rape or its victims.",Twitter for iPad,https://www.twitter.com/GEMfinity20/status/1775125335949930694
5,,GEM,GEMfinity20,https://www.twitter.com/GEMfinity20,1775125985555251641,0,1,0,,2024/4/2 11:39,@B15Daddy @PelirojaMama @TheGr8Illusion @taylorswift13 they just use it to dissuade you from voting for Trump because they know the public doesnt like rape. George Stephalanosos is gonna sit and talk crap about rape victims supporting trump when he helped legally shut up rape victims during Clinton's campaign.,Twitter for iPad,https://www.twitter.com/GEMfinity20/status/1775125985555251641
6,,GEM,GEMfinity20,https://www.twitter.com/GEMfinity20,1775126462950953066,0,0,0,,2024/4/2 11:41,"@B15Daddy @PelirojaMama @TheGr8Illusion @taylorswift13 He (and these elites) dont give a damn about rape. they know you do and they'll use it to turn you against anyone they dont like. when it comes to someone they dont like, they dont care. thats why Biden and Clinton are absolute creeps and all we hear about is Trump.",Twitter for iPad,https://www.twitter.com/GEMfinity20/status/1775126462950953066
7,,GEM,GEMfinity20,https://www.twitter.com/GEMfinity20,1775127361152766310,0,0,0,,2024/4/2 11:45,@thered101 @TheGr8Illusion @taylorswift13 leftism is a mental poison,Twitter for iPad,https://www.twitter.com/GEMfinity20/status/1775127361152766310
8,,GEM,GEMfinity20,https://www.twitter.com/GEMfinity20,1775127641730719996,0,0,0,,2024/4/2 11:46,@John1215ad @TheGr8Illusion @taylorswift13 yeah if you dont trust the "racist cop system" by all means make them the only ones allowed to buy guns. the left is just seeing what they can get away with atp,Twitter for iPad,https://www.twitter.com/GEMfinity20/status/1775127641730719996
9,,GEM,GEMfinity20,https://www.twitter.com/GEMfinity20,1775128014059102623,0,0,3,,2024/4/2 11:47,@TheGr8Illusion @taylorswift13 imagine being so desperate for attention that you leech on to a poular singer and try to use their platform to promote your political agendas.,Twitter for iPad,https://www.twitter.com/GEMfinity20/status/1775128014059102623
10,,John Buscharmi,johnbuscharmi,https://www.twitter.com/johnbuscharmi,1775140366863261759,0,0,1,,2024/4/2 12:36,"@ekming751 @MFHazinski @3YearLetterman @taylorswift13 I just saw her in Seoul last week, it was a private show. Only her biggest fans were allowed to go. Guess you didn’t get the invite",Twitter for iPhone,https://www.twitter.com/johnbuscharmi/status/1775140366863261759
11,,mary fran hazinski,MFHazinski,https://www.twitter.com/MFHazinski,1775199582818906242,0,0,0,,2024/4/2 16:32,"@ekming751 @3YearLetterman @taylorswift13 Taylor sings, dances and plays guitar and piano for over 3 hours. Extraordinary. She’s booked a lot of cities, Gary, but can’t do them all in one round-the-world tour. She deserves time off and needs to rest her voice.I suspect she’ll try to appear in additional countries next.",Twitter for iPad,https://www.twitter.com/MFHazinski/status/1775199582818906242
12,,Rs,Bobo9028,https://www.twitter.com/Bobo9028,1775245491036446894,0,0,0,,2024/4/2 19:34,@taylorswift13 Please help Joe before trump make all ur swifties miserable,Twitter Web App,https://www.twitter.com/Bobo9028/status/1775245491036446894
13,,Maryland4ever,Maryland4e58581,https://www.twitter.com/Maryland4e58581,1775261824201752842,0,1,6,,2024/4/2 20:39,@TheGr8Illusion @taylorswift13 And biden is a warmonger. We are all sinners. I'll take Trump over biden any day of the week!,Twitter Web App,https://www.twitter.com/Maryland4e58581/status/1775261824201752842
14,,Phoenix Wise ? of the rock band The Resistance ???,TheGr8Illusion,https://www.twitter.com/TheGr8Illusion,1775286151051407383,0,4,0,,2024/4/2 22:16,"@Maryland4e58581 @taylorswift13 so, you support rape, sexual assault, racism, sexism, hate, violence, ignorance, violence, fear, and death. that's good to know you love to support rapists. https://t.co/lAaVV397bA",Twitter Web App,https://www.twitter.com/TheGr8Illusion/status/1775286151051407383
15,,Maryland4ever,Maryland4e58581,https://www.twitter.com/Maryland4e58581,1775307144272781434,0,0,0,,2024/4/2 23:39,"@TheGr8Illusion @taylorswift13 Trump is a sinner and so is Biden, but I'll take Trump over Biden any day. Perfection does not exist.",Twitter Web App,https://www.twitter.com/Maryland4e58581/status/1775307144272781434
16,,aitabdelmalek,aitabde82959290,https://www.twitter.com/aitabde82959290,1775502875096994235,0,0,0,,2024/4/3 12:37,@taylorswift13 Magic princess of Dream ??,Twitter for Android,https://www.twitter.com/aitabde82959290/status/1775502875096994235
17,,sune sundew,smull1012,https://www.twitter.com/smull1012,1775536316924768339,0,0,0,,2024/4/3 14:50,@taylorswift13 Please come to Brisbane,Twitter for iPhone,https://www.twitter.com/smull1012/status/1775536316924768339
18,,????,myfavs04,https://www.twitter.com/myfavs04,1775546396390617169,0,2,0,,2024/4/3 15:30,@taylorswift13 @pikaso_me screenshot this,Twitter for iPhone,https://www.twitter.com/myfavs04/status/1775546396390617169
19,,Pikaso,pikaso_me,https://www.twitter.com/pikaso_me,1775546579866333220,0,0,1,,2024/4/3 15:31,@myfavs04 @taylorswift13 Enjoy your screenshot and...Get 10 stickers for $1: https://t.co/IGW12ygmK5 https://t.co/JAcbN24R6T,Pikaso Bot,https://www.twitter.com/pikaso_me/status/1775546579866333220
20,,Lops Harris,lopsharris,https://www.twitter.com/lopsharris,1775794753713422553,0,0,0,,2024/4/4 7:57,@taylorswift13 Please release another date for Cardiff ?? and give a presale code to people who have pre ordered your new album. The Ticketmaster codes fiasco has stopped real fans getting tickets and only ones available on viagogo etc are extortionate prices and probably scams ????????,Twitter for Android,https://www.twitter.com/lopsharris/status/1775794753713422553
21,,~ Kiana,taydenlover,https://www.twitter.com/taydenlover,1775855463403331893,0,0,0,,2024/4/4 11:58,@taylorswift13 Liar,Twitter for iPhone,https://www.twitter.com/taydenlover/status/1775855463403331893
22,,~ Kiana,taydenlover,https://www.twitter.com/taydenlover,1775855492511781056,0,1,1,,2024/4/4 11:58,@taylorswift13 BitchMOVE,Twitter for iPhone,https://www.twitter.com/taydenlover/status/1775855492511781056
23,,???????? ?? sns stan,certifiedswiftt,https://www.twitter.com/certifiedswiftt,1775857656126910887,0,0,0,,2024/4/4 12:07,@taydenlover @taylorswift13 ??????,Twitter for iPhone,https://www.twitter.com/certifiedswiftt/status/1775857656126910887
24,,Roy Nivasi,RoHaNaDee,https://www.twitter.com/RoHaNaDee,1775964101375623251,0,0,0,,2024/4/4 19:10,@TheGr8Illusion @taylorswift13 ewww,Twitter Web App,https://www.twitter.com/RoHaNaDee/status/1775964101375623251
25,,Roy Nivasi,RoHaNaDee,https://www.twitter.com/RoHaNaDee,1775964606394925552,0,0,0,,2024/4/4 19:12,"@TheGr8Illusion @Maryland4e58581 @taylorswift13 Everyone, @TheGr8Illusion is suffering from TDS.",Twitter Web App,https://www.twitter.com/RoHaNaDee/status/1775964606394925552
26,,miss unknown.????,Nicklay04,https://www.twitter.com/Nicklay04,1776045142161690733,0,0,0,,2024/4/5 0:32,@taylorswift13 Love you taytay$BEYOND $MOJO $PARAM $COOKIE $TRIP $BUBBLE,Twitter for Android,https://www.twitter.com/Nicklay04/status/1776045142161690733
27,,MoMoFreedom,monique39966560,https://www.twitter.com/monique39966560,1776108496142073915,0,0,0,,2024/4/5 4:43,"@TheGr8Illusion @taylorswift13 You need to get educated. Stop watching #FakeNewCNN. Biden’s rap sheet is just as long. Ever wonder why all the politicians are rich? Biden=Inflation, open border, disaster world policies -Afgan, Ukraine, Middle East…",Twitter for iPhone,https://www.twitter.com/monique39966560/status/1776108496142073915
28,,WTF IS GOING OK,norcalangelpaws,https://www.twitter.com/norcalangelpaws,1776146502186103225,0,0,0,,2024/4/5 7:14,@taylorswift13 https://t.co/TO5r74k88P,Twitter for iPhone,https://www.twitter.com/norcalangelpaws/status/1776146502186103225
29,,Kasi Yanto,yanto_kasi22930,https://www.twitter.com/yanto_kasi22930,1776178440808608188,0,0,0,,2024/4/5 9:21,@taylorswift13 Lovely,Twitter for Android,https://www.twitter.com/yanto_kasi22930/status/1776178440808608188
30,,Pat Pugliese,GatorArcangelo,https://www.twitter.com/GatorArcangelo,1776426058553737356,0,0,0,,2024/4/6 1:45,@taylorswift13 Please tell your followers to vote,Twitter for iPhone,https://www.twitter.com/GatorArcangelo/status/1776426058553737356
31,,Brandnew20201,Brandnew20201,https://www.twitter.com/Brandnew20201,1776461720502030340,0,0,0,,2024/4/6 4:07,@taylorswift13 And caused a round trip air ticket between Singapore and Kuala Lumpur to spike to S$950 for economy!??,Twitter for Android,https://www.twitter.com/Brandnew20201/status/1776461720502030340
32,,JassBep,mildred145lp,https://www.twitter.com/mildred145lp,1776502318974009488,0,0,0,,2024/4/6 6:48,@taylorswift13 Best night ever ?????? #ErastourSG https://t.co/aoqRDgAqlI,Twitter for iPhone,https://www.twitter.com/mildred145lp/status/1776502318974009488
33,,Lara,Lara88274367,https://www.twitter.com/Lara88274367,1776568078190489844,0,0,0,,2024/4/6 11:10,@taylorswift13 ????????????????????????????????????????????????????????????????????????????????????????????????????????????????????????????????????????????????????????????????????????????????????,Twitter for iPhone,https://www.twitter.com/Lara88274367/status/1776568078190489844
34,,Lory lvs Mile ? ??? ???,lorydglmtv,https://www.twitter.com/lorydglmtv,1776656682002592142,0,1,1,,2024/4/6 17:02,@hiperpesadaa @taylorswift13 FRAN JAJAJAJAJA,Twitter for iPhone,https://www.twitter.com/lorydglmtv/status/1776656682002592142
35,,fran,hiperpesadaa,https://www.twitter.com/hiperpesadaa,1776677825761689621,0,1,1,,2024/4/6 18:26,@lorydgmtv @taylorswift13 JAJAJAJAJAJAJAJAJA HABIA QJE INTENTAR,Twitter for Android,https://www.twitter.com/hiperpesadaa/status/1776677825761689621
36,,Lory lvs Mile ? ??? ???,lorydglmtv,https://www.twitter.com/lorydglmtv,1776679442854666597,0,0,1,,2024/4/6 18:32,@hiperpesadaa @taylorswift13 SI VI,Twitter for iPhone,https://www.twitter.com/lorydglmtv/status/1776679442854666597
37,,Jo-han Goh,goh3_johan,https://www.twitter.com/goh3_johan,1776688727944991074,0,0,0,,2024/4/6 19:09,@cljb54jhtn @3YearLetterman @taylorswift13 I think he's bitter that he missed those shows.,Twitter for Android,https://www.twitter.com/goh3_johan/status/1776688727944991074
38,,m ?? | eras sg n4! | you are what you love ??,cooljrriif,https://www.twitter.com/cooljrriif,1776801191248404541,0,0,0,,2024/4/7 2:36,@taylorswift13 so much love for you ??????,Twitter for iPhone,https://www.twitter.com/cooljrriif/status/1776801191248404541
39,,Random American,wylie5546,https://www.twitter.com/wylie5546,1776824333106606578,0,0,0,,2024/4/7 4:08,"@TheGr8Illusion @taylorswift13 When / if she announces that - her career is over. We love her, but we love our country more ??",Twitter for iPhone,https://www.twitter.com/wylie5546/status/1776824333106606578
40,,IrtizaFatima,irtizafatima21,https://www.twitter.com/irtizafatima21,1776865154367418402,0,0,1,,2024/4/7 6:50,@taylorswift13 Love it ????,Twitter for Android,https://www.twitter.com/irtizafatima21/status/1776865154367418402
41,,Jude,BigJudees,https://www.twitter.com/BigJudees,1776876061554532633,0,0,0,,2024/4/7 7:34,"@taylorswift13 I have liked you since I was 14 years old. It has been ten years since I finally met you in Singapore. I hope you can come to China ,Chinese fans love you Taylor ??",Twitter for iPhone,https://www.twitter.com/BigJudees/status/1776876061554532633
42,,k.,plagiarismzx,https://www.twitter.com/plagiarismzx,1776973886829240598,0,0,0,,2024/4/7 14:02,"@taylorswift13 Sana all eh, di ka gd mag concert di sa pinas ya",Twitter for Android,https://www.twitter.com/plagiarismzx/status/1776973886829240598
43,,Disapager,Disapager__,https://www.twitter.com/Disapager__,1777139368072733120,0,0,0,,2024/4/8 1:00,@FeetFinder @taylorswift13 https://t.co/OdMbN9G7lz,Twitter for Android,https://www.twitter.com/Disapager__/status/1777139368072733120
44,,Arthritis Buu,Bongwater1989,https://www.twitter.com/Bongwater1989,1777154389460799879,0,0,0,,2024/4/8 1:59,@FeetFinder @taylorswift13 hi spongebob,Twitter Web App,https://www.twitter.com/Bongwater1989/status/1777154389460799879
45,,_樟HongZhang Luo,Lowu1960,https://www.twitter.com/Lowu1960,1777248879307882504,0,0,0,,2024/4/8 8:15,@taylorswift13 so good,Twitter Web App,https://www.twitter.com/Lowu1960/status/1777248879307882504
46,,R.Hoque,iamrhoque_2,https://www.twitter.com/iamrhoque_2,1777412931585724883,0,0,0,,2024/4/8 19:07,@taylorswift13 Witch... https://t.co/tZ4riML0O1,Twitter Web App,https://www.twitter.com/iamrhoque_2/status/1777412931585724883
47,,jerjerito | BIP-420 ?? $FAME,jerjerito5,https://www.twitter.com/jerjerito5,1777639860121022708,0,0,0,,2024/4/9 10:09,@taylorswift13 $PARAM$MOJO$EVERY$TRIP$BEYOND$BUBBLE????????,Twitter for iPhone,https://www.twitter.com/jerjerito5/status/1777639860121022708
48,,kytobaby,babyboheo,https://www.twitter.com/babyboheo,1777683379435266290,0,0,0,,2024/4/9 13:02,@taylorswift13 it was amazing and those were great memorable shows,Twitter for iPhone,https://www.twitter.com/babyboheo/status/1777683379435266290
49,,Shahrokh77,Shahrokh_Mor,https://www.twitter.com/Shahrokh_Mor,1777808760594993186,0,0,0,,2024/4/9 21:20,@taylorswift13 ??????$Cookie@Cookie3_com,Twitter for Android,https://www.twitter.com/Shahrokh_Mor/status/1777808760594993186
50,,Prabal Pratap Singh,prabalpratapsi4,https://www.twitter.com/prabalpratapsi4,1777983540753277420,0,0,0,,2024/4/10 8:54,@taylorswift13 I am Farming    $BLOCK $PARAM $RICY $BEYOND $BUBBLE   $EVERY $COOKIE $GMRX $FYN $MON $XTER $MOJO $LMWR,Twitter Web App,https://www.twitter.com/prabalpratapsi4/status/1777983540753277420
51,,Steve Kyle,SteveKy90239793,https://www.twitter.com/SteveKy90239793,1778038433111323118,0,0,0,,2024/4/10 12:32,@IndiGenBharat @taylorswift13 That's Taylor sw from ohio,Twitter for Android,https://www.twitter.com/SteveKy90239793/status/1778038433111323118
52,,Margaret,Margare61695083,https://www.twitter.com/Margare61695083,1778082249784582555,0,0,0,,2024/4/10 15:26,"@TheGr8Illusion @taylorswift13 You obviously are blind to the destruction Biden has done to this country. It’s so easy for you to blame Trump. He pulled this country out of a hole &amp; inflation, border, crime etc were down. Biden’s gang destroyed major cities &amp; he wants Socialism in the US we WERE free in 2019.",Twitter for iPhone,https://www.twitter.com/Margare61695083/status/1778082249784582555
53,,Margaret,Margare61695083,https://www.twitter.com/Margare61695083,1778083462571852084,0,0,0,,2024/4/10 15:31,"@TheGr8Illusion @taylorswift13 Talk about another Democrat liar. Trump did nothing of what you claim. That has been the Democratic lies. Every single thing Trump has been accused of was done by Democrats!!! Biden’s a pedophile, habitual liar, has drown the US in debt. HE wants the US Socialist killing us all.",Twitter for iPhone,https://www.twitter.com/Margare61695083/status/1778083462571852084
54,,Sheri Weiss,SheriWeiss20,https://www.twitter.com/SheriWeiss20,1778436261394456618,0,0,0,,2024/4/11 14:53,@TheGr8Illusion @taylorswift13 ??,Twitter Web App,https://www.twitter.com/SheriWeiss20/status/1778436261394456618
55,,Jack Nasa,puddnasa,https://www.twitter.com/puddnasa,1778462590928040416,0,0,0,,2024/4/11 16:38,@TheGr8Illusion @taylorswift13 This is ridiculous,Twitter for Android,https://www.twitter.com/puddnasa/status/1778462590928040416
56,,Jack Nasa,puddnasa,https://www.twitter.com/puddnasa,1778462777872396545,0,0,0,,2024/4/11 16:39,@NotmyPr00310890 @TheGr8Illusion @taylorswift13 Why? Biden is supporting your genocide.,Twitter for Android,https://www.twitter.com/puddnasa/status/1778462777872396545
57,,B@SED_H,BigHBased,https://www.twitter.com/BigHBased,1778497477244518767,0,0,0,,2024/4/11 18:56,"@taylorswift13 Taylor come check out $Roost on BASE Chain. Coin base's new L2 on Etherium. We repping hard for the culture and I know DAMN well if you knew about it, you would DO about it! RUN UP THAT $ROOST!!",Twitter Web App,https://www.twitter.com/BigHBased/status/1778497477244518767
58,,Bob Avery.Toledo,rawbob_toledo,https://www.twitter.com/rawbob_toledo,1778921124429971540,0,0,0,,2024/4/12 23:00,"@TheGr8Illusion @taylorswift13 I hope not. She's mistaken, but I love her anyway.",Twitter Web App,https://www.twitter.com/rawbob_toledo/status/1778921124429971540
59,,Donkey Kong!,HermingTerence,https://www.twitter.com/HermingTerence,1779073274854416429,0,0,0,,2024/4/13 9:04,"@taylorswift13 Pleeeese tell- what is Taylor Smith's favourite colour toilet paper, and how does she use it (what technique). https://t.co/LUiCeEVNCJ",Twitter for Android,https://www.twitter.com/HermingTerence/status/1779073274854416429
60,,diana miller,Diana88hospie,https://www.twitter.com/Diana88hospie,1779159321777238359,0,0,0,,2024/4/13 14:46,@taylorswift13 Devil witch.  Lucifer lover.,Twitter for Android,https://www.twitter.com/Diana88hospie/status/1779159321777238359
61,,Dorian Parker,alexjwasright,https://www.twitter.com/alexjwasright,1779239186882589178,0,0,0,,2024/4/13 20:04,@TheGr8Illusion @Maryland4e58581 @taylorswift13 Lies,Twitter for iPhone,https://www.twitter.com/alexjwasright/status/1779239186882589178
62,,Cah,Cah__07,https://www.twitter.com/Cah__07,1779842640227250498,0,0,0,,2024/4/15 12:02,@taylorswift13 ??????,Twitter for Android,https://www.twitter.com/Cah__07/status/1779842640227250498
63,,inventor,Iinventedthat,https://www.twitter.com/Iinventedthat,1779879537075003640,0,0,0,,2024/4/15 14:28,@taylorswift13 In their own words! https://t.co/3RYbRDKo9q,Twitter for iPhone,https://www.twitter.com/Iinventedthat/status/1779879537075003640
64,,inventor,Iinventedthat,https://www.twitter.com/Iinventedthat,1779879577889677768,0,0,0,,2024/4/15 14:28,@taylorswift13 In their own words! https://t.co/lt25w3m49O,Twitter for iPhone,https://www.twitter.com/Iinventedthat/status/1779879577889677768
65,,Gabriel Ong,Gabriel06935867,https://www.twitter.com/Gabriel06935867,1780238249497411678,0,0,0,,2024/4/16 14:14,@taylorswift13 We awaits your new album... The world waiting to be Enchanted,Twitter for Android,https://www.twitter.com/Gabriel06935867/status/1780238249497411678
66,,Jason Batstone,BatstoneJason,https://www.twitter.com/BatstoneJason,1780333560051712255,0,0,1,,2024/4/16 20:32,@TheGr8Illusion @taylorswift13 Of course SHE never said that.,Twitter Web App,https://www.twitter.com/BatstoneJason/status/1780333560051712255
67,,Azreal,Ignitz3,https://www.twitter.com/Ignitz3,1780577451145580868,0,0,0,,2024/4/17 12:42,@taylorswift13 I hate Taylor swift,Twitter for Android,https://www.twitter.com/Ignitz3/status/1780577451145580868
68,,?nna,InnaBurban,https://www.twitter.com/InnaBurban,1780586430336483729,0,0,0,,2024/4/17 13:17,@taylorswift13 You are gorgeous #UkraineNeedsAirDefense,Twitter for Android,https://www.twitter.com/InnaBurban/status/1780586430336483729
69,,NitaGirl,NitaGirl12,https://www.twitter.com/NitaGirl12,1780729333922857291,0,0,0,,2024/4/17 22:45,@taylorswift13 Why do you (Taylor Swift) wear trapeze outfits on stage like you're a trapeze artist? Can't you just dress how YOU want to dress instead of looking like a puppet in a weird trapeze costume?  You would look great in a flowing skirt with a slit in it and a cute top.,Twitter for iPhone,https://www.twitter.com/NitaGirl12/status/1780729333922857291
70,,Siam Ahmed,SiamAhmed182663,https://www.twitter.com/SiamAhmed182663,1780955573414207673,0,0,0,,2024/4/18 13:44,@taylorswift13 ????????,Twitter Web App,https://www.twitter.com/SiamAhmed182663/status/1780955573414207673
71,,KittyPupLover,MouseBlack2,https://www.twitter.com/MouseBlack2,1781309897453556190,0,0,0,,2024/4/19 13:12,@taylorswift13 Cat Mice &amp; Animals Toys by OurPet's :https://t.co/KpvW4PZehi,Twitter for iPhone,https://www.twitter.com/MouseBlack2/status/1781309897453556190
72,,ChristieAgatha,ChristieAgath16,https://www.twitter.com/ChristieAgath16,1782248214420230630,0,0,0,,2024/4/22 3:21,"@taylorswift13 Whoever told you that dressing like a prostitute is not harmful to girls/women, is lying to you. STOP. You have a lot of influence.",Twitter Web App,https://www.twitter.com/ChristieAgath16/status/1782248214420230630
73,,Gayle WATKINS14,GayleWATKINS14,https://www.twitter.com/GayleWATKINS14,1782518792087650423,0,0,0,,2024/4/22 21:16,@TheGr8Illusion @taylorswift13 Stay OUT of politics. You offend half of the country and continue to promote division. Adults already know who they will be voting for. Stay OUT of politics.,Twitter Web App,https://www.twitter.com/GayleWATKINS14/status/1782518792087650423
74,,MOTHER OF FEMALE SONS…..,MotOfFemSons,https://www.twitter.com/MotOfFemSons,1782620807627178365,0,0,0,,2024/4/23 4:01,"@taylorswift13 You are a bland, talentless blob of white custard, nothing special about your or your music at all, not to mention mid vocals and terrible production….I genuinely do not know how people come to watch you embarrass yourself at these shows ??????",Twitter for iPhone,https://www.twitter.com/MotOfFemSons/status/1782620807627178365
75,,TRUMP&ELON 2024,simplycaptiv8in,https://www.twitter.com/simplycaptiv8in,1783402034815029688,0,0,0,,2024/4/25 7:45,"@ithastostop3 @taylorswift13 Boo! You don't have to be ugly. She is a Woman who writes all her own music, and has attained success. You don't have to like her. I have never been a fan, although she sang at a concert I attended on her 16th birthday. She opened for Brad Paisley. I have never liked her since.",Twitter for Android,https://www.twitter.com/simplycaptiv8in/status/1783402034815029688
76,,Brayden,khoiernai,https://www.twitter.com/khoiernai,1783402744201855323,0,0,0,,2024/4/25 7:48,@ithastostop3 @taylorswift13 okay lets see you then hoe,Twitter for iPhone,https://www.twitter.com/khoiernai/status/1783402744201855323
77,,TRUMP&ELON 2024,simplycaptiv8in,https://www.twitter.com/simplycaptiv8in,1783402763092885674,0,0,0,,2024/4/25 7:48,"@ithastostop3 @taylorswift13 Cheers to her success. I thought she was demonic and odd. I see now she clapped back at Kanye and Kim with the snakes and the costumes that emulated Kim Kardashian West. Because they were snakes who tortured her. Watch now, I bet she produces a bunch of country songs.",Twitter for Android,https://www.twitter.com/simplycaptiv8in/status/1783402763092885674
78,,Brayden,khoiernai,https://www.twitter.com/khoiernai,1783402867107442963,0,0,0,,2024/4/25 7:49,@SazMCFC @taylorswift13 if your ass is gonna hate on women who are more successful than you at least try to be original?,Twitter for iPhone,https://www.twitter.com/khoiernai/status/1783402867107442963
79,,TRUMP&ELON 2024,simplycaptiv8in,https://www.twitter.com/simplycaptiv8in,1783403215708668030,0,0,0,,2024/4/25 7:50,"@ithastostop3 @taylorswift13 Those two she said ran her to hide, spend a year not leaving home, moving to London in being a recluse. She met Joe Alwyn while there...",Twitter for Android,https://www.twitter.com/simplycaptiv8in/status/1783403215708668030
80,,N.C.C. ?? $WELL ??MATR1XCoin,N_C_C_Nation,https://www.twitter.com/N_C_C_Nation,1787899149452476569,0,0,0,,2024/5/7 17:35,@taylorswift13 ??? Road Trips Recharged! @PowerPod_People @Web3Go GODIN,Twitter Web App,https://www.twitter.com/N_C_C_Nation/status/1787899149452476569
81,,$,010010100Suffer,https://www.twitter.com/010010100Suffer,1787917924293857429,0,0,0,,2024/5/7 18:50,@taylorswift13 ?? ???,Twitter for iPhone,https://www.twitter.com/010010100Suffer/status/1787917924293857429
82,,Vlad0x54f30,IvanovychPetro,https://www.twitter.com/IvanovychPetro,1787918670217318763,0,0,0,,2024/5/7 18:53,@taylorswift13 ??? Road Trips Recharged! @PowerPod_People @Web3Go GODIN,Twitter Web App,https://www.twitter.com/IvanovychPetro/status/1787918670217318763
83,,Vlad0x54f30,IvanovychPetro,https://www.twitter.com/IvanovychPetro,1787918697069175252,0,0,0,,2024/5/7 18:53,"@tis_sjoberg @taylorswift13 ?? Green Miles, Happy Smiles! @PowerPod_People @Web3Go GODIN",Twitter Web App,https://www.twitter.com/IvanovychPetro/status/1787918697069175252
84,,ctas klim Tabi ??,ctas_klim,https://www.twitter.com/ctas_klim,1787929790269268042,0,0,0,,2024/5/7 19:37,@taylorswift13 ??? Road Trips Recharged! @PowerPod_People @Web3Go GODIN,Twitter Web App,https://www.twitter.com/ctas_klim/status/1787929790269268042
85,,"sisp ?IP?(?,?)",2sisp2,https://www.twitter.com/2sisp2,1787973479452524984,0,0,0,,2024/5/7 22:31,@taylorswift13 ??? Road Trips Recharged! @PowerPod_People @Web3Go GODIN,Twitter Web App,https://www.twitter.com/2sisp2/status/1787973479452524984
86,,Dwikiar CLONE,dwik_dwik25,https://www.twitter.com/dwik_dwik25,1787993561046360299,0,0,0,,2024/5/7 23:50,"@taylorswift13 ?? Green Miles, Happy Smiles! @PowerPod_People @Web3Go GODIN",Twitter Web App,https://www.twitter.com/dwik_dwik25/status/1787993561046360299
87,,Scott Felluss,ScottFelluss,https://www.twitter.com/ScottFelluss,1787994405087117779,0,0,0,,2024/5/7 23:54,@taylorswift13 Can’t wait till Summer!,Twitter for iPhone,https://www.twitter.com/ScottFelluss/status/1787994405087117779
88,,热狗小面包（互fo）,regou91,https://www.twitter.com/regou91,1788012086511173941,0,0,0,,2024/5/8 1:04,@taylorswift13 还未回关喔,Twitter Web App,https://www.twitter.com/regou91/status/1788012086511173941
89,,Dmytro Safrenko ?? $MON,safrenko69831,https://www.twitter.com/safrenko69831,1788256844302918019,0,0,0,,2024/5/8 17:17,"@taylorswift13 ?? Green Miles, Happy Smiles! @PowerPod_People @Web3Go GODIN",Twitter Web App,https://www.twitter.com/safrenko69831/status/1788256844302918019
90,,Dmytro Safrenko ?? $MON,safrenko69831,https://www.twitter.com/safrenko69831,1788256865228394542,0,0,0,,2024/5/8 17:17,"@tis_sjoberg @taylorswift13 ?? Green Miles, Happy Smiles! @PowerPod_People @Web3Go GODIN",Twitter Web App,https://www.twitter.com/safrenko69831/status/1788256865228394542
91,,Андр?й Лапух ?IP?,andrijlapuh,https://www.twitter.com/andrijlapuh,1788281158049857904,0,0,0,,2024/5/8 18:53,"@taylorswift13 ?? Green Miles, Happy Smiles! @PowerPod_People @Web3Go GODIN",Twitter Web App,https://www.twitter.com/andrijlapuh/status/1788281158049857904
92,,Robbi ??MATR1XCoin ?? $WELL | Tabi ?? ??????,Robbi4119525267,https://www.twitter.com/Robbi4119525267,1788281826538139812,0,0,0,,2024/5/8 18:56,"@taylorswift13 ?? Green Miles, Happy Smiles! @PowerPod_People @Web3Go GODIN",Twitter Web App,https://www.twitter.com/Robbi4119525267/status/1788281826538139812
93,,Robbi ??MATR1XCoin ?? $WELL | Tabi ?? ??????,Robbi4119525267,https://www.twitter.com/Robbi4119525267,1788281860834926680,0,2,0,,2024/5/8 18:56,"@tis_sjoberg @taylorswift13 ?? Green Miles, Happy Smiles! @PowerPod_People @Web3Go GODIN",Twitter Web App,https://www.twitter.com/Robbi4119525267/status/1788281860834926680
94,,Viktor,ViktorPuhach,https://www.twitter.com/ViktorPuhach,1788284772680114292,0,0,0,,2024/5/8 19:08,@taylorswift13 ??? Road Trips Recharged! @PowerPod_People @Web3Go GODIN,Twitter Web App,https://www.twitter.com/ViktorPuhach/status/1788284772680114292
95,,David Koo ?? $MON,DavidKo36075577,https://www.twitter.com/DavidKo36075577,1788384711481708663,0,0,0,,2024/5/9 1:45,"@taylorswift13 I love Singapo?? Plug, Play, Save the day! @PowerPod_People @Web3Go GODIN",Twitter Web App,https://www.twitter.com/DavidKo36075577/status/1788384711481708663
96,,傅醉冬,EAdamsx24321,https://www.twitter.com/EAdamsx24321,1788731218739241261,0,0,0,,2024/5/10 0:42,"@taylorswift13 @9Moe2 染谷萌花, 一起追S幔",Twitter Web App,https://www.twitter.com/EAdamsx24321/status/1788731218739241261
97,,teuheldoper1985??? $RCADE,teuheldope38542,https://www.twitter.com/teuheldope38542,1789372664240333137,0,0,0,,2024/5/11 19:11,@taylorswift13 ??? Road Trips Recharged! @PowerPod_People @Web3Go GODIN,Twitter Web App,https://www.twitter.com/teuheldope38542/status/1789372664240333137
98,,Huong Lan Bui ?,huonglan0501,https://www.twitter.com/huonglan0501,1790036143494320292,0,0,0,,2024/5/13 15:07,@domainsid @taylorswift13 ?? Rocket Your Returns! @xraders_xyz @Web3Go GODIN,Twitter Web App,https://www.twitter.com/huonglan0501/status/1790036143494320292
99,,Hau Chu ?,HauChu0571,https://www.twitter.com/HauChu0571,1790043189677572099,0,0,0,,2024/5/13 15:35,@domainsid @taylorswift13 ?? Rocket Your Returns! @xraders_xyz @Web3Go GODIN,Twitter Web App,https://www.twitter.com/HauChu0571/status/1790043189677572099
100,,Cuong Long ?,cuonglong0398,https://www.twitter.com/cuonglong0398,1792185278599467357,0,0,0,,2024/5/19 13:27,@domainsid @taylorswift13 ?? AI-Assisted Investing! @xraders_xyz @din_lol_ GODIN,Twitter Web App,https://www.twitter.com/cuonglong0398/status/1792185278599467357
101,,Tuan Tran ?,TuanTran2010,https://www.twitter.com/TuanTran2010,1795486465780224326,0,0,0,,2024/5/28 16:05,@domainsid @taylorswift13 ?? Rebranded and ready! Welcome DIN! Go @din_lol_,Twitter Web App,https://www.twitter.com/TuanTran2010/status/1795486465780224326
102,,AMB????SWIFT????(taylor's version),swift13AMB,https://www.twitter.com/swift13AMB,1796827457070178798,0,0,0,,2024/6/1 8:53,@taylorswift13 ????????????????????????????????????????????????????#SwiftiesForPalestine,Twitter for Android,https://www.twitter.com/swift13AMB/status/1796827457070178798
103,,manchae04 ??,gwonmincha20529,https://www.twitter.com/gwonmincha20529,1799060571243032707,0,0,0,,2024/6/7 12:47,@taylorswift13 YOUR PERFORMANCE IS THE BEST THING IVE EVER SEEN! I truly appreciate fr,Twitter Web App,https://www.twitter.com/gwonmincha20529/status/1799060571243032707
104,,Pikaso,pikaso_me,https://www.twitter.com/pikaso_me,1799952016837431761,0,0,0,,2024/6/9 23:49,@Midnightslut13 @taylorswift13 Enjoy your screenshot and...Get 10 stickers for $1: https://t.co/IGW12ygmK5 https://t.co/kpO82vw4nw,Pikaso Bot,https://www.twitter.com/pikaso_me/status/1799952016837431761
105,,"Kattobi (??,??)",Kattobi33,https://www.twitter.com/Kattobi33,1800784856093454550,0,0,0,,2024/6/12 6:59,"@taylorswift13 Bridging blockchains, simplifying swaps! ???? @okxweb3 @din_lol_ GODIN",Twitter Web App,https://www.twitter.com/Kattobi33/status/1800784856093454550
106,,July,969July,https://www.twitter.com/969July,1802000228578443296,0,0,0,,2024/6/15 15:28,@taylorswift13 我在3.3！,Twitter for iPhone,https://www.twitter.com/969July/status/1802000228578443296
107,,Michelle,Michell67682607,https://www.twitter.com/Michell67682607,1804873974238650748,0,0,0,,2024/6/23 13:47,@taylorswift13 I?u so much please reply back to me,Twitter for Android,https://www.twitter.com/Michell67682607/status/1804873974238650748
108,,???????? Extrema Izquierda ! ????????,Salvado93756372,https://www.twitter.com/Salvado93756372,1833797821176176863,0,0,0,,2024/9/11 9:20,@taylorswift13 https://t.co/s2JH50pEB7,Twitter for Android,https://www.twitter.com/Salvado93756372/status/1833797821176176863
109,,Jamie,IssHimJamie,https://www.twitter.com/IssHimJamie,1834031284546318594,0,0,0,,2024/9/12 0:48,@taylorswift13 https://t.co/6sCEa8ZxhX,Twitter for iPhone,https://www.twitter.com/IssHimJamie/status/1834031284546318594
110,,bong rip,nosnam420,https://www.twitter.com/nosnam420,1834091103143821765,0,0,0,,2024/9/12 4:46,"@taylorswift13 How do you got only 5,000 comments on this protect  your kitty the immigrants are coming for it https://t.co/OA3ppHURPC https://t.co/NgI6YK9oih",Twitter Web App,https://www.twitter.com/nosnam420/status/1834091103143821765
111,,ivarr speeed!!??,ivankeya2,https://www.twitter.com/ivankeya2,1837132103919583737,0,0,0,,2024/9/20 14:10,@taylorswift13 https://t.co/XAekbuT4jY,Twitter for Android,https://www.twitter.com/ivankeya2/status/1837132103919583737
112,,Callie girl,cb17525,https://www.twitter.com/cb17525,1837291397814309309,0,0,0,,2024/9/21 0:42,@taylorswift13 All your songs sound alike,Twitter for Android,https://www.twitter.com/cb17525/status/1837291397814309309
113,,phrypou ( n° 4 ??)...????,phrypou,https://www.twitter.com/phrypou,1840530169544470762,0,0,0,,2024/9/29 23:12,@taylorswift13 2...A/E??,Twitter for Android,https://www.twitter.com/phrypou/status/1840530169544470762
114,,Keegan Reed,keeganelliored,https://www.twitter.com/keeganelliored,1842460807189422284,0,0,0,,2024/10/5 7:04,@taylorswift13 You are the sweetest most beautiful girl in the universe.. love you Taylor ??,Twitter for iPhone,https://www.twitter.com/keeganelliored/status/1842460807189422284
115,,ivie,taytayt95076009,https://www.twitter.com/taytayt95076009,1849418915610497266,0,0,0,,2024/10/24 11:53,@taylorswift13 im one of them https://t.co/oBua3Yixjo,Twitter for iPhone,https://www.twitter.com/taytayt95076009/status/1849418915610497266
116,,Shane. Shane Johnson,shane51869,https://www.twitter.com/shane51869,1853272396800663643,0,0,0,,2024/11/4 3:05,@taylorswift13 Taylor so gorgeous I know want you to be my girlfriend again Shane come back in my life miss you so much babe ??,Twitter for Android,https://www.twitter.com/shane51869/status/1853272396800663643
117,,Eric a.k.a. Clyde,realgetawaycar,https://www.twitter.com/realgetawaycar,1856565824749756884,0,0,0,,2024/11/13 5:12,@taylorswift13 https://t.co/Geo6WcTkih,Twitter for Android,https://www.twitter.com/realgetawaycar/status/1856565824749756884
